product,system,data_authority,knowledge_authority,audited_default_head,current_driver_pin,pin_state,support_basis,app_supported_sites,app_supported_site_years,app_supported_sites_n_ge_6_years,direct_driver_calendar_sites,direct_driver_calendar_site_years,direct_driver_calendar_rate,domain_proxy_site_years,contract_disposition,ecological_disposition,vote_eligible,next_action
mammal,terrestrial,1615ab4e74fd16a2698de8431acb862d6cc4cebf,047204e7fcca253ab24ee416654dc59e4ccca266,86a94bcf53037fa693781b005d90c89349c746c6,d2a53282637e4dbd7e5ebef7f64665fa27028531,byte_current,reviewed positive physical trap effort,46,410,42,46,410,1.000000,UNMEASURED,ADOPT reviewed effort and detection qualification,CONTEXT,FALSE,require a named mechanism and registered independent eligibility review
phenology,terrestrial,7d0f29f7886cfae1c760a9ffc9e056184ec6fc68,30be615dc438b60e4fa6454973b3b42589b22234,30be615dc438b60e4fa6454973b3b42589b22234,81e339e9ed6f34d3d04ca45a7030fea51c4147a5,byte_stale,finite app species-year onset row,45,346,39,45,346,1.000000,UNMEASURED,ADOPT opportunity censoring coverage and unavailable-state rules,HOLD_V2_REAUTHORIZATION,FALSE,specify and independently test the current-release adapter and registered model before examining effects
plant_diversity,terrestrial,8fc0824493a52a1a7ca2054852a5d84b264a9c8c,28fab5b0bb5fa0fb87b7f5bbf4c2aa690cc5b612,28fab5b0bb5fa0fb87b7f5bbf4c2aa690cc5b612,73c92c6c67f7c982eaae76950f718ce932ff7a52,byte_stale,UNMEASURED: no sampled-opportunity ledger in frozen family,UNMEASURED,UNMEASURED,UNMEASURED,UNMEASURED,UNMEASURED,UNMEASURED,UNMEASURED,ADOPT source receipt grain recurrent-panel and nativity rules,CONTEXT,FALSE,recover an opportunity ledger and measure the exact eligible annual intersection
vegetation,terrestrial,d566b30ec8eb52ae984325da402cadfec3f18bc9,da466ea2495df3b03cb472bc2c6c65930ca5314a,d2b7ef08ee24c6a6378596271d89de7ac47210d4,5e73e0dde5cc9cb1936dc0c589475ca23b5ee8df,byte_stale,published opportunity row with either physical channel supported,37,156,0,36,151,0.967949,UNMEASURED,ADOPT event opportunity and disjoint physical-channel rules,CONTEXT,FALSE,retain context unless a separately registered estimand and adapter clear support and parity
ground_beetle,terrestrial,a615d6cdf550ea19ea13448bd234004f94de312e,1a768b4ae676e44dcc171ee756ae2595b04d26cb,1a768b4ae676e44dcc171ee756ae2595b04d26cb,0ac67f842642e552153ddaf728798759744fc15d,byte_stale,positive reviewed trap-night opportunity anchor,46,388,43,46,388,1.000000,UNMEASURED,ADOPT field-first opportunity zero-catch and taxonomy reconciliation,CONTEXT,FALSE,require a named seasonal mechanism independent adapter registered model and parity
mosquito,terrestrial,935420e1e1aa79dcc3cf54d03ef150f6f0332b8d,ff505c9f64dd3b99bc543f4078eb2e4dddb6a0f1,ff505c9f64dd3b99bc543f4078eb2e4dddb6a0f1,79244c8bc252bed1f6c00ca2a76f049fadfa80ed,byte_stale,valid positive-duration trap effort,47,203,7,46,200,0.985222,UNMEASURED,ADOPT opportunity outcome-state and restricted-publisher contracts,CONTEXT_HOLD,FALSE,require an independent adapter registered seasonal model and parity while keeping PUUM climate placement held
birds,terrestrial,97c3e4c25b69068c7d8b3d56bc3da3bc019e5097,07c852c2ed56357b39fb0315ecca1f12ebff962b,07c852c2ed56357b39fb0315ecca1f12ebff962b,efda16ec27c745efbb738c9e920c72fd85373664,byte_stale,valid physical six-minute count,47,384,46,46,381,0.992188,UNMEASURED,ADOPT grain-specific opportunity supported-zero and complete-window rules,CONTEXT_HOLD,FALSE,reconcile the Driver 2025 provenance discrepancy before any adapter or repin
water_chemistry,aquatic,ee95af3e270099980ea5bc98b28b549456b3f0b2,9e2946ca5f07f0c81eac790ad10dcef0c9f0f3d9,9e2946ca5f07f0c81eac790ad10dcef0c9f0f3d9,NOT_INGESTED,not_ingested,released canonical observation,34,387,34,0,0,0.000000,351,ADOPT audited-unit signed-replay and exact-runtime receipt rules,CONTEXT_HOLD,FALSE,acquire a true aquatic driver key and never promote the domain-year proxy
inverts,aquatic,ff23e994e289982c747b91e48c5ff0907c1672d2,6972817382491cc9312ae4588b75bc67ed422987,53991b6f460a97a4abfcee9f62e94cd77c167f89,NOT_INGESTED,not_ingested,density-eligible field opportunity,34,307,33,0,0,0.000000,307,ADOPT field-first status supported-area taxonomy-placeholder and zero-unknown rules,CONTEXT_HOLD,FALSE,acquire discharge and measure the registered stream-year intersection before any build
